{"cameraMode":{"drawMode":0,"name":"Shaded","section":"Shading Mode"},"sceneLighting":true,"audioPlay":false,"sceneViewState":{"showFog":true,"showMaterialUpdate":true,"showSkybox":true,"showFlares":true,"showImageEffects":true,"showParticleSystems":true},"in2DMode":false,"pivot":{"x":19.701284408569337,"y":11.56920051574707,"z":-3.338021755218506},"rotation":{"x":0.2580353021621704,"y":-0.5198448896408081,"z":-0.1683480441570282,"w":-0.7967707514762878},"size":85.84261322021485,"orthographic":false}