{"cameraMode":{"drawMode":0,"name":"Shaded","section":"Shading Mode"},"sceneLighting":true,"audioPlay":false,"sceneViewState":{"showFog":true,"showMaterialUpdate":false,"showSkybox":true,"showFlares":true,"showImageEffects":true,"showParticleSystems":true},"in2DMode":false,"pivot":{"x":-0.4848834276199341,"y":-1.0063462257385255,"z":1.2318871021270753},"rotation":{"x":-0.04288988560438156,"y":0.8760960102081299,"z":-0.0793357640504837,"w":-0.47362658381462099},"size":12.57677173614502,"orthographic":false}