{"cameraMode":{"drawMode":0,"name":"Shaded","section":"Shading Mode"},"sceneLighting":false,"audioPlay":false,"sceneViewState":{"showFog":true,"showMaterialUpdate":false,"showSkybox":true,"showFlares":true,"showImageEffects":true,"showParticleSystems":true},"in2DMode":false,"pivot":{"x":820.405029296875,"y":360.38507080078127,"z":0.0},"rotation":{"x":-0.013508777134120465,"y":-0.0024102372117340566,"z":0.00003255971387261525,"w":-0.9999058842658997},"size":590.3523559570313,"orthographic":false}